"sellerAlias","productURL","productID"
"mustbatteries","https://www.mustbatteries.com/sale-14166337-must-50ah-100ah-200ah-lithium-iron-phosphate-battery-pack-12v-lithium-lifepo4-battery.html","524b062a3baf4ccea3d41e7a6076ec6d"
"mustbatteries","https://www.mustbatteries.com/sale-14166337-must-50ah-100ah-200ah-lithium-iron-phosphate-battery-pack-12v-lithium-lifepo4-battery.html","524b062a3baf4ccea3d41e7a6076ec6d"
"mustbatteries","https://www.mustbatteries.com/sale-14166337-must-50ah-100ah-200ah-lithium-iron-phosphate-battery-pack-12v-lithium-lifepo4-battery.html","524b062a3baf4ccea3d41e7a6076ec6d"
"mustbatteries","https://www.mustbatteries.com/sale-14166337-must-50ah-100ah-200ah-lithium-iron-phosphate-battery-pack-12v-lithium-lifepo4-battery.html","524b062a3baf4ccea3d41e7a6076ec6d"
"mustbatteries","https://www.mustbatteries.com/sale-14166337-must-50ah-100ah-200ah-lithium-iron-phosphate-battery-pack-12v-lithium-lifepo4-battery.html","524b062a3baf4ccea3d41e7a6076ec6d"
"mustbatteries","https://www.mustbatteries.com/sale-14166337-must-50ah-100ah-200ah-lithium-iron-phosphate-battery-pack-12v-lithium-lifepo4-battery.html","524b062a3baf4ccea3d41e7a6076ec6d"
"mustbatteries","https://www.mustbatteries.com/sale-14166337-must-50ah-100ah-200ah-lithium-iron-phosphate-battery-pack-12v-lithium-lifepo4-battery.html","524b062a3baf4ccea3d41e7a6076ec6d"
"mustbatteries","https://www.mustbatteries.com/sale-14166337-must-50ah-100ah-200ah-lithium-iron-phosphate-battery-pack-12v-lithium-lifepo4-battery.html","524b062a3baf4ccea3d41e7a6076ec6d"
"mustbatteries","https://www.mustbatteries.com/sale-14166337-must-50ah-100ah-200ah-lithium-iron-phosphate-battery-pack-12v-lithium-lifepo4-battery.html","524b062a3baf4ccea3d41e7a6076ec6d"
"mustbatteries","https://www.mustbatteries.com/sale-14166337-must-50ah-100ah-200ah-lithium-iron-phosphate-battery-pack-12v-lithium-lifepo4-battery.html","524b062a3baf4ccea3d41e7a6076ec6d"
"mustbatteries","https://www.mustbatteries.com/sale-14166337-must-50ah-100ah-200ah-lithium-iron-phosphate-battery-pack-12v-lithium-lifepo4-battery.html","524b062a3baf4ccea3d41e7a6076ec6d"
"mustbatteries","https://www.mustbatteries.com/sale-14166337-must-50ah-100ah-200ah-lithium-iron-phosphate-battery-pack-12v-lithium-lifepo4-battery.html","524b062a3baf4ccea3d41e7a6076ec6d"
"mustbatteries","https://www.mustbatteries.com/sale-14166337-must-50ah-100ah-200ah-lithium-iron-phosphate-battery-pack-12v-lithium-lifepo4-battery.html","524b062a3baf4ccea3d41e7a6076ec6d"
"mustbatteries","https://www.mustbatteries.com/sale-14166337-must-50ah-100ah-200ah-lithium-iron-phosphate-battery-pack-12v-lithium-lifepo4-battery.html","524b062a3baf4ccea3d41e7a6076ec6d"
"mustbatteries","https://www.mustbatteries.com/sale-14166337-must-50ah-100ah-200ah-lithium-iron-phosphate-battery-pack-12v-lithium-lifepo4-battery.html","524b062a3baf4ccea3d41e7a6076ec6d"
"mustbatteries","https://www.mustbatteries.com/sale-14166337-must-50ah-100ah-200ah-lithium-iron-phosphate-battery-pack-12v-lithium-lifepo4-battery.html","524b062a3baf4ccea3d41e7a6076ec6d"
"mustbatteries","https://www.mustbatteries.com/sale-14166337-must-50ah-100ah-200ah-lithium-iron-phosphate-battery-pack-12v-lithium-lifepo4-battery.html","524b062a3baf4ccea3d41e7a6076ec6d"
"mustbatteries","https://www.mustbatteries.com/sale-14166337-must-50ah-100ah-200ah-lithium-iron-phosphate-battery-pack-12v-lithium-lifepo4-battery.html","524b062a3baf4ccea3d41e7a6076ec6d"
"mustbatteries","https://www.mustbatteries.com/sale-14166337-must-50ah-100ah-200ah-lithium-iron-phosphate-battery-pack-12v-lithium-lifepo4-battery.html","524b062a3baf4ccea3d41e7a6076ec6d"
"mustbatteries","https://www.mustbatteries.com/sale-14166337-must-50ah-100ah-200ah-lithium-iron-phosphate-battery-pack-12v-lithium-lifepo4-battery.html","524b062a3baf4ccea3d41e7a6076ec6d"
"mustbatteries","https://www.mustbatteries.com/sale-14166337-must-50ah-100ah-200ah-lithium-iron-phosphate-battery-pack-12v-lithium-lifepo4-battery.html","524b062a3baf4ccea3d41e7a6076ec6d"
"mustbatteries","https://www.mustbatteries.com/sale-14166337-must-50ah-100ah-200ah-lithium-iron-phosphate-battery-pack-12v-lithium-lifepo4-battery.html","524b062a3baf4ccea3d41e7a6076ec6d"
